1,First_1,Last_1,HR
2,First_2,Last_2,Sales
3,First_3,Last_3,HR
4,First_4,Last_4,HR
5,First_5,Last_5,IT
6,First_6,Last_6,HR
7,First_7,Last_7,Sales
8,First_8,Last_8,HR
9,First_9,Last_9,Marketing
10,First_10,Last_10,HR
11,First_11,Last_11,IT
12,First_12,Last_12,HR
13,First_13,Last_13,HR
14,First_14,Last_14,Sales
15,First_15,Last_15,HR
16,First_16,Last_16,HR
17,First_17,Last_17,HR
18,First_18,Last_18,Marketing
19,First_19,Last_19,HR
20,First_20,Last_20,Marketing
21,First_21,Last_21,Marketing
22,First_22,Last_22,HR
23,First_23,Last_23,Marketing
24,First_24,Last_24,HR
25,First_25,Last_25,HR
26,First_26,Last_26,Sales
27,First_27,Last_27,Sales
28,First_28,Last_28,Sales
29,First_29,Last_29,HR
30,First_30,Last_30,HR
31,First_31,Last_31,Marketing
32,First_32,Last_32,IT
33,First_33,Last_33,Sales
34,First_34,Last_34,Sales
35,First_35,Last_35,Marketing
36,First_36,Last_36,Sales
37,First_37,Last_37,Sales
38,First_38,Last_38,Marketing
39,First_39,Last_39,Marketing
40,First_40,Last_40,Marketing
41,First_41,Last_41,HR
42,First_42,Last_42,HR
43,First_43,Last_43,HR
44,First_44,Last_44,Sales
45,First_45,Last_45,Marketing
46,First_46,Last_46,HR
47,First_47,Last_47,IT
48,First_48,Last_48,IT
49,First_49,Last_49,Marketing
50,First_50,Last_50,Marketing
51,First_51,Last_51,IT
52,First_52,Last_52,HR
53,First_53,Last_53,Sales
54,First_54,Last_54,HR
55,First_55,Last_55,IT
56,First_56,Last_56,HR
57,First_57,Last_57,HR
58,First_58,Last_58,Marketing
59,First_59,Last_59,Sales
60,First_60,Last_60,Sales
61,First_61,Last_61,Sales
62,First_62,Last_62,HR
63,First_63,Last_63,IT
64,First_64,Last_64,IT
65,First_65,Last_65,Sales
66,First_66,Last_66,HR
67,First_67,Last_67,HR
68,First_68,Last_68,HR
69,First_69,Last_69,HR
70,First_70,Last_70,HR
71,First_71,Last_71,Marketing
72,First_72,Last_72,Sales
73,First_73,Last_73,IT
74,First_74,Last_74,IT
75,First_75,Last_75,Sales
76,First_76,Last_76,HR
77,First_77,Last_77,IT
78,First_78,Last_78,Sales
79,First_79,Last_79,Sales
80,First_80,Last_80,HR
81,First_81,Last_81,Marketing
82,First_82,Last_82,HR
83,First_83,Last_83,HR
84,First_84,Last_84,HR
85,First_85,Last_85,Sales
86,First_86,Last_86,Marketing
87,First_87,Last_87,HR
88,First_88,Last_88,HR
89,First_89,Last_89,IT
90,First_90,Last_90,HR
91,First_91,Last_91,HR
92,First_92,Last_92,Sales
93,First_93,Last_93,Sales
94,First_94,Last_94,Marketing
95,First_95,Last_95,HR
96,First_96,Last_96,HR
97,First_97,Last_97,Sales
98,First_98,Last_98,HR
99,First_99,Last_99,HR
100,First_100,Last_100,Marketing
101,First_101,Last_101,Marketing
102,First_102,Last_102,HR
103,First_103,Last_103,Marketing
104,First_104,Last_104,Marketing
105,First_105,Last_105,HR
106,First_106,Last_106,Marketing
107,First_107,Last_107,IT
108,First_108,Last_108,IT
109,First_109,Last_109,Marketing
110,First_110,Last_110,HR
111,First_111,Last_111,HR
112,First_112,Last_112,Sales
113,First_113,Last_113,HR
114,First_114,Last_114,IT
115,First_115,Last_115,Marketing
116,First_116,Last_116,Sales
117,First_117,Last_117,Marketing
118,First_118,Last_118,Sales
119,First_119,Last_119,IT
120,First_120,Last_120,HR
121,First_121,Last_121,HR
122,First_122,Last_122,HR
123,First_123,Last_123,HR
124,First_124,Last_124,HR
125,First_125,Last_125,Sales
126,First_126,Last_126,Marketing
127,First_127,Last_127,IT
128,First_128,Last_128,Marketing
129,First_129,Last_129,HR
130,First_130,Last_130,HR
131,First_131,Last_131,Sales
132,First_132,Last_132,Sales
133,First_133,Last_133,HR
134,First_134,Last_134,HR
135,First_135,Last_135,HR
136,First_136,Last_136,Sales
137,First_137,Last_137,HR
138,First_138,Last_138,HR
139,First_139,Last_139,HR
140,First_140,Last_140,Sales
141,First_141,Last_141,Sales
142,First_142,Last_142,Sales
143,First_143,Last_143,Marketing
144,First_144,Last_144,Sales
145,First_145,Last_145,Marketing
146,First_146,Last_146,HR
147,First_147,Last_147,Marketing
148,First_148,Last_148,Sales
149,First_149,Last_149,Sales
150,First_150,Last_150,Marketing
151,First_151,Last_151,Marketing
152,First_152,Last_152,HR
153,First_153,Last_153,IT
154,First_154,Last_154,HR
155,First_155,Last_155,HR
156,First_156,Last_156,Marketing
157,First_157,Last_157,HR
158,First_158,Last_158,HR
159,First_159,Last_159,HR
160,First_160,Last_160,IT
161,First_161,Last_161,Marketing
162,First_162,Last_162,Sales
163,First_163,Last_163,Marketing
164,First_164,Last_164,HR
165,First_165,Last_165,IT
166,First_166,Last_166,IT
167,First_167,Last_167,IT
168,First_168,Last_168,Sales
169,First_169,Last_169,Sales
170,First_170,Last_170,Sales
171,First_171,Last_171,HR
172,First_172,Last_172,IT
173,First_173,Last_173,Marketing
174,First_174,Last_174,Sales
175,First_175,Last_175,Marketing
176,First_176,Last_176,IT
177,First_177,Last_177,Marketing
178,First_178,Last_178,IT
179,First_179,Last_179,Sales
180,First_180,Last_180,IT
181,First_181,Last_181,IT
182,First_182,Last_182,Marketing
183,First_183,Last_183,Marketing
184,First_184,Last_184,Marketing
185,First_185,Last_185,HR
186,First_186,Last_186,Marketing
187,First_187,Last_187,HR
188,First_188,Last_188,IT
189,First_189,Last_189,HR
190,First_190,Last_190,Sales
191,First_191,Last_191,IT
192,First_192,Last_192,Sales
193,First_193,Last_193,HR
194,First_194,Last_194,IT
195,First_195,Last_195,Marketing
196,First_196,Last_196,Marketing
197,First_197,Last_197,Sales
198,First_198,Last_198,HR
199,First_199,Last_199,HR
200,First_200,Last_200,Marketing
201,First_201,Last_201,Sales
202,First_202,Last_202,Marketing
203,First_203,Last_203,Marketing
204,First_204,Last_204,IT
205,First_205,Last_205,IT
206,First_206,Last_206,Marketing
207,First_207,Last_207,HR
208,First_208,Last_208,Marketing
209,First_209,Last_209,Sales
210,First_210,Last_210,Sales
211,First_211,Last_211,HR
212,First_212,Last_212,HR
213,First_213,Last_213,Sales
214,First_214,Last_214,HR
215,First_215,Last_215,Marketing
216,First_216,Last_216,IT
217,First_217,Last_217,HR
218,First_218,Last_218,Marketing
219,First_219,Last_219,Sales
220,First_220,Last_220,HR
221,First_221,Last_221,Sales
222,First_222,Last_222,IT
223,First_223,Last_223,HR
224,First_224,Last_224,IT
225,First_225,Last_225,Marketing
226,First_226,Last_226,HR
227,First_227,Last_227,IT
228,First_228,Last_228,HR
229,First_229,Last_229,HR
230,First_230,Last_230,HR
231,First_231,Last_231,Sales
232,First_232,Last_232,IT
233,First_233,Last_233,Sales
234,First_234,Last_234,IT
235,First_235,Last_235,Sales
236,First_236,Last_236,Marketing
237,First_237,Last_237,Sales
238,First_238,Last_238,Sales
239,First_239,Last_239,Marketing
240,First_240,Last_240,Marketing
241,First_241,Last_241,IT
242,First_242,Last_242,Sales
243,First_243,Last_243,Marketing
244,First_244,Last_244,IT
245,First_245,Last_245,Sales
246,First_246,Last_246,Sales
247,First_247,Last_247,Sales
248,First_248,Last_248,HR
249,First_249,Last_249,HR
250,First_250,Last_250,HR
251,First_251,Last_251,Marketing
252,First_252,Last_252,IT
253,First_253,Last_253,Marketing
254,First_254,Last_254,Marketing
255,First_255,Last_255,IT
256,First_256,Last_256,Marketing
257,First_257,Last_257,HR
258,First_258,Last_258,Sales
259,First_259,Last_259,Marketing
260,First_260,Last_260,Marketing
261,First_261,Last_261,Sales
262,First_262,Last_262,Sales
263,First_263,Last_263,IT
264,First_264,Last_264,HR
265,First_265,Last_265,Sales
266,First_266,Last_266,HR
267,First_267,Last_267,Sales
268,First_268,Last_268,Sales
269,First_269,Last_269,Sales
270,First_270,Last_270,HR
271,First_271,Last_271,Sales
272,First_272,Last_272,HR
273,First_273,Last_273,Sales
274,First_274,Last_274,HR
275,First_275,Last_275,HR
276,First_276,Last_276,Marketing
277,First_277,Last_277,IT
278,First_278,Last_278,HR
279,First_279,Last_279,Marketing
280,First_280,Last_280,IT
281,First_281,Last_281,HR
282,First_282,Last_282,Marketing
283,First_283,Last_283,Marketing
284,First_284,Last_284,HR
285,First_285,Last_285,IT
286,First_286,Last_286,Marketing
287,First_287,Last_287,IT
288,First_288,Last_288,Marketing
289,First_289,Last_289,Marketing
290,First_290,Last_290,Sales
291,First_291,Last_291,HR
292,First_292,Last_292,IT
293,First_293,Last_293,Sales
294,First_294,Last_294,IT
295,First_295,Last_295,IT
296,First_296,Last_296,Marketing
297,First_297,Last_297,IT
298,First_298,Last_298,IT
299,First_299,Last_299,Marketing
300,First_300,Last_300,IT
301,First_301,Last_301,HR
302,First_302,Last_302,Sales
303,First_303,Last_303,IT
304,First_304,Last_304,IT
305,First_305,Last_305,Marketing
306,First_306,Last_306,IT
307,First_307,Last_307,Sales
308,First_308,Last_308,HR
309,First_309,Last_309,HR
310,First_310,Last_310,HR
311,First_311,Last_311,IT
312,First_312,Last_312,IT
313,First_313,Last_313,IT
314,First_314,Last_314,HR
315,First_315,Last_315,HR
316,First_316,Last_316,IT
317,First_317,Last_317,HR
318,First_318,Last_318,IT
319,First_319,Last_319,Marketing
320,First_320,Last_320,Marketing
321,First_321,Last_321,IT
322,First_322,Last_322,HR
323,First_323,Last_323,Sales
324,First_324,Last_324,IT
325,First_325,Last_325,HR
326,First_326,Last_326,IT
327,First_327,Last_327,HR
328,First_328,Last_328,IT
329,First_329,Last_329,Marketing
330,First_330,Last_330,Sales
331,First_331,Last_331,Marketing
332,First_332,Last_332,Marketing
333,First_333,Last_333,Marketing
334,First_334,Last_334,IT
335,First_335,Last_335,Sales
336,First_336,Last_336,Sales
337,First_337,Last_337,Marketing
338,First_338,Last_338,IT
339,First_339,Last_339,Marketing
340,First_340,Last_340,Marketing
341,First_341,Last_341,HR
342,First_342,Last_342,Sales
343,First_343,Last_343,HR
344,First_344,Last_344,IT
345,First_345,Last_345,HR
346,First_346,Last_346,Sales
347,First_347,Last_347,HR
348,First_348,Last_348,Marketing
349,First_349,Last_349,Sales
350,First_350,Last_350,Marketing
351,First_351,Last_351,Sales
352,First_352,Last_352,HR
353,First_353,Last_353,Marketing
354,First_354,Last_354,Sales
355,First_355,Last_355,Sales
356,First_356,Last_356,Marketing
357,First_357,Last_357,Sales
358,First_358,Last_358,Marketing
359,First_359,Last_359,HR
360,First_360,Last_360,Marketing
361,First_361,Last_361,Sales
362,First_362,Last_362,HR
363,First_363,Last_363,HR
364,First_364,Last_364,Marketing
365,First_365,Last_365,Marketing
366,First_366,Last_366,Sales
367,First_367,Last_367,HR
368,First_368,Last_368,Marketing
369,First_369,Last_369,Marketing
370,First_370,Last_370,Marketing
371,First_371,Last_371,HR
372,First_372,Last_372,IT
373,First_373,Last_373,HR
374,First_374,Last_374,Sales
375,First_375,Last_375,Sales
376,First_376,Last_376,Sales
377,First_377,Last_377,IT
378,First_378,Last_378,Marketing
379,First_379,Last_379,Marketing
380,First_380,Last_380,IT
381,First_381,Last_381,HR
382,First_382,Last_382,HR
383,First_383,Last_383,IT
384,First_384,Last_384,Sales
385,First_385,Last_385,IT
386,First_386,Last_386,Sales
387,First_387,Last_387,Sales
388,First_388,Last_388,IT
389,First_389,Last_389,Marketing
390,First_390,Last_390,IT
391,First_391,Last_391,Sales
392,First_392,Last_392,HR
393,First_393,Last_393,IT
394,First_394,Last_394,IT
395,First_395,Last_395,Marketing
396,First_396,Last_396,Sales
397,First_397,Last_397,Sales
398,First_398,Last_398,IT
399,First_399,Last_399,Sales
400,First_400,Last_400,IT
401,First_401,Last_401,Marketing
402,First_402,Last_402,Marketing
403,First_403,Last_403,Marketing
404,First_404,Last_404,HR
405,First_405,Last_405,HR
406,First_406,Last_406,IT
407,First_407,Last_407,HR
408,First_408,Last_408,Marketing
409,First_409,Last_409,IT
410,First_410,Last_410,HR
411,First_411,Last_411,IT
412,First_412,Last_412,HR
413,First_413,Last_413,HR
414,First_414,Last_414,HR
415,First_415,Last_415,IT
416,First_416,Last_416,Sales
417,First_417,Last_417,Sales
418,First_418,Last_418,Sales
419,First_419,Last_419,Sales
420,First_420,Last_420,HR
421,First_421,Last_421,Sales
422,First_422,Last_422,HR
423,First_423,Last_423,Sales
424,First_424,Last_424,IT
425,First_425,Last_425,IT
426,First_426,Last_426,Marketing
427,First_427,Last_427,HR
428,First_428,Last_428,HR
429,First_429,Last_429,Marketing
430,First_430,Last_430,Sales
431,First_431,Last_431,Sales
432,First_432,Last_432,Sales
433,First_433,Last_433,HR
434,First_434,Last_434,Marketing
435,First_435,Last_435,Sales
436,First_436,Last_436,Marketing
437,First_437,Last_437,Sales
438,First_438,Last_438,Marketing
439,First_439,Last_439,HR
440,First_440,Last_440,Marketing
441,First_441,Last_441,IT
442,First_442,Last_442,Sales
443,First_443,Last_443,IT
444,First_444,Last_444,IT
445,First_445,Last_445,Marketing
446,First_446,Last_446,Sales
447,First_447,Last_447,IT
448,First_448,Last_448,IT
449,First_449,Last_449,Sales
450,First_450,Last_450,Marketing
451,First_451,Last_451,Sales
452,First_452,Last_452,Sales
453,First_453,Last_453,HR
454,First_454,Last_454,Marketing
455,First_455,Last_455,IT
456,First_456,Last_456,IT
457,First_457,Last_457,HR
458,First_458,Last_458,HR
459,First_459,Last_459,IT
460,First_460,Last_460,Sales
461,First_461,Last_461,Sales
462,First_462,Last_462,Sales
463,First_463,Last_463,Sales
464,First_464,Last_464,Marketing
465,First_465,Last_465,IT
466,First_466,Last_466,Sales
467,First_467,Last_467,Marketing
468,First_468,Last_468,HR
469,First_469,Last_469,Marketing
470,First_470,Last_470,IT
471,First_471,Last_471,HR
472,First_472,Last_472,IT
473,First_473,Last_473,Sales
474,First_474,Last_474,Marketing
475,First_475,Last_475,Sales
476,First_476,Last_476,Marketing
477,First_477,Last_477,Sales
478,First_478,Last_478,Marketing
479,First_479,Last_479,IT
480,First_480,Last_480,IT
481,First_481,Last_481,Marketing
482,First_482,Last_482,Marketing
483,First_483,Last_483,Sales
484,First_484,Last_484,IT
485,First_485,Last_485,Sales
486,First_486,Last_486,Sales
487,First_487,Last_487,HR
488,First_488,Last_488,IT
489,First_489,Last_489,Sales
490,First_490,Last_490,Sales
491,First_491,Last_491,Marketing
492,First_492,Last_492,Marketing
493,First_493,Last_493,Marketing
494,First_494,Last_494,IT
495,First_495,Last_495,IT
496,First_496,Last_496,Sales
497,First_497,Last_497,Marketing
498,First_498,Last_498,Sales
499,First_499,Last_499,IT
500,First_500,Last_500,IT